SYMBOL,SERIES,ISIN,FACE VALUE,OPEN,HIGH,LOW,LTP,PREV.CLOSE,%CHNG,VOLUME,VALUE(₹ Crores),Maturity Date,Raw Date Code,ISIN Description,Error
759TS37,SG,IN4520220315,100.0,102.37,102.37,102.37,102.37,97.5,4.99,300,-,2037-01-11,11JN37,STATE DEVELOPMENT LOAN 32496 TLG 11JN37 7.59 FV RS 100,
774AP32A,SG,IN1020230679,100.0,105.00,105.00,105.00,105.00,100.1,4.90,4500,0.05,2032-01-03,03JN32,STATE DEVELOPMENT LOAN 33793 AP 03JN32 7.74 FV RS 100,
364D081026,TB,IN002025Z286,100.0,97.50,97.50,97.50,97.50,94.76,2.89,2000,0.02,2026-10-08,08OT26,GOVERNMENT OF INDIA 36582 364 DAYS TBILL 08OT26 FV RS 100,
736GS2052,GS,IN0020220086,100.0,104.00,104.00,104.00,104.00,101.8,2.16,2546,0.03,2052-09-12,12SP52,GOVERNMENT OF INDIA 31966 GOI 12SP52 7.36 FV RS 100,
667GS2035,GS,IN0020210152,100.0,-,-,-,104.79,103.01,1.73,0,-,2035-12-15,15DC35,GOVERNMENT OF INDIA 30734 GOI 15DC35 6.67 FV RS 100,
717GS2030,GS,IN0020230036,100.0,103.95,104.60,103.95,104.60,103.0,1.55,1500,0.02,2030-04-17,17AP30,GOVERNMENT OF INDIA 32846 GOI 17AP30 7.17 FV RS 100,
591GS2028,GS,IN0020250034,100.0,101.60,102.60,101.60,102.55,101.25,1.28,8590,0.09,2028-06-30,30JU28,GOVERNMENT OF INDIA 36133 GOI 30JU28 5.91 FV RS 100,
74GJ27,SG,IN1520230062,100.0,103.40,103.40,103.40,103.40,102.15,1.22,200,-,2027-09-22,22SP27,STATE DEVELOPMENT LOAN 33422 GUJ 22SP27 7.4 FV RS 100,
68GS2060,GS,IN0020200187,100.0,95.38,96.20,95.38,96.20,95.1,1.16,2526,0.02,2060-12-15,15DC60,GOVERNMENT OF INDIA 29367 GOI 15DC60 6.80 FV RS 100,
76GJ33,SG,IN1520230245,100.0,101.11,101.11,101.11,101.11,100.0,1.11,100,-,2033-01-31,31JN33,STATE DEVELOPMENT LOAN 33893 GUJ 31JN33 7.6 FV RS 100,
743GJ31,SG,IN1520230278,100.0,101.00,101.00,101.00,101.00,100.05,0.95,8000,0.08,2031-02-14,14FB31,STATE DEVELOPMENT LOAN 33958 GUJ 14FB31 7.43 FV RS 100,
667GS2050,GS,IN0020200252,100.0,96.99,96.99,96.99,96.99,96.1,0.93,10,-,2050-12-17,17DC50,GOVERNMENT OF INDIA 29633 GOI 17DC50 6.67 FV RS 100,
741GS2036,GS,IN0020220102,100.0,108.00,108.50,108.00,108.50,107.76,0.69,2300,0.02,2036-12-19,19DC36,GOVERNMENT OF INDIA 32410 GOI 19DC36 7.41 FV RS 100,
77MH33A,SG,IN2220230154,100.0,99.33,100.00,99.33,100.00,99.33,0.67,200,-,2033-11-15,15NV33,STATE DEVELOPMENT LOAN 33631 MH 15NV33 7.7 FV RS 100,
73GS2053,GS,IN0020230051,100.0,104.89,104.89,104.60,104.60,103.98,0.60,538,0.01,2053-06-19,19JU53,GOVERNMENT OF INDIA 33071 GOI 19JU53 7.3 FV RS 100,
737GS2028,GS,IN0020230101,100.0,104.61,104.75,104.61,104.75,104.21,0.52,2000,0.02,2028-10-23,23OT28,GOVERNMENT OF INDIA 33536 GOI 23OT28 7.37 FV RS 100,
654GS2032,GS,IN0020210244,100.0,102.90,102.90,102.90,102.90,102.4,0.49,1000,0.01,2032-01-17,17JN32,GOVERNMENT OF INDIA 31280 GOI 17JN32 6.54 FV RS 100,
702GS2031,GS,IN0020240076,100.0,105.60,105.60,105.60,105.60,105.15,0.43,2000,0.02,2031-06-18,18JU31,GOVERNMENT OF INDIA 34587 GOI 18JU31 7.02 FV RS 100,
709GS2074,GS,IN0020240142,100.0,96.05,98.00,96.05,97.25,96.9,0.36,525452,5.09,2074-11-25,25NV74,GOVERNMENT OF INDIA 35168 GOI 25NV74 7.09 FV RS 100,
724GS2055,GS,IN0020250075,100.0,101.80,101.80,101.74,101.74,101.47,0.27,7304,0.07,2055-08-18,18AG55,GOVERNMENT OF INDIA 36320 GOI 18AG55 7.24 FV RS 100,
695GS2061,GS,IN0020210202,100.0,97.75,98.00,97.40,98.00,97.75,0.26,96828,0.94,2061-12-16,16DC61,GOVERNMENT OF INDIA 30962 GOI 16DC61 6.95 FV RS 100,
718GS2033,GS,IN0020230085,100.0,105.40,105.40,105.40,105.40,105.15,0.24,25000,0.26,2033-08-14,14AG33,GOVERNMENT OF INDIA 33298 GOI 14AG33 7.18 FV RS 100,
710GS2029,GS,IN0020220011,100.0,104.34,104.34,103.91,104.00,103.84,0.15,15473,0.16,2029-04-18,18AP29,GOVERNMENT OF INDIA 31568 GOI 18AP29 7.10 FV RS 100,
91D120226,TB,IN002025X331,100.0,98.55,98.55,98.55,98.55,98.4,0.15,100,-,2026-02-06,06FB26,GOVERNMENT OF INDIA 36690 091 DAYS TBILL 06FB26 FV RS 100,
92GS2030,GS,IN0020130053,100.0,114.65,114.85,114.65,114.75,114.65,0.09,17981,0.21,2030-09-30,30SP30,GOVERNMENT OF INDIA 16467 GOI 30SP30 9.20 FV RS 100,
725GS2063,GS,IN0020230044,100.0,102.40,102.50,102.16,102.18,102.1,0.08,85758,0.88,2063-06-12,12JU63,GOVERNMENT OF INDIA 33002 GOI 12JU63 7.25 FV RS 100,
738GS2027,GS,IN0020220037,100.0,106.10,106.10,105.94,106.00,105.92,0.08,10000,0.11,2027-06-20,20JU27,GOVERNMENT OF INDIA 31719 GOI 20JU27 7.38 FV RS 100,
91D060226,TB,IN002025X323,100.0,98.62,98.62,98.62,98.62,98.57,0.05,100,-,2026-02-06,06FB26,GOVERNMENT OF INDIA 36679 091 DAYS TBILL 06FB26 FV RS 100,
709GS2054,GS,IN0020240118,100.0,100.40,100.50,100.20,100.29,100.24,0.05,129981,1.30,2054-08-05,05AG54,GOVERNMENT OF INDIA 34733 GOI 05AG54 7.09 FV RS 100,
706GS2028,GS,IN0020230010,100.0,-,-,-,104.49,104.46,0.03,0,-,2028-04-10,10AP28,GOVERNMENT OF INDIA 32829 GOI 10AP28 7.06 FV RS 100,
733GS2026,GS,IN0020230119,100.0,101.22,101.22,101.22,101.22,101.2,0.02,5100,0.05,2026-10-30,30OT26,GOVERNMENT OF INDIA 33559 GOI 30OT26 7.33 FV RS 100,
91D251225,TB,IN002025X265,100.0,99.46,99.46,99.46,99.46,99.45,0.01,100,-,2025-12-25,25DC25,GOVERNMENT OF INDIA 36539 091 DAYS TBILL 25DC25 FV RS 100,
91D041225,TB,IN002025X232,100.0,99.86,99.86,99.86,99.86,99.85,0.01,100,-,2025-12-04,04DC25,GOVERNMENT OF INDIA 36402 091 DAYS TBILL 04DC25 FV RS 100,
679GS2034A,GS,IN0020240159,100.0,-,-,-,100.01,100.01,-,0,-,2034-12-02,02DC34,GOVERNMENT OF INDIA 35297 GOI 02DC34 6.79 FV RS 100,
679GS2031,GS,IN0020240191,100.0,-,-,-,103.35,103.35,-,0,-,2031-12-30,30DC31,GOVERNMENT OF INDIA 35396 GOI 30DC31 6.79 FV RS 100,
GS100226C,GS,IN000226C018,100.0,-,-,-,-,77.47,-,0,-,,,,ISIN Description not found on page
182D050226,TB,IN002025Y198,100.0,-,-,-,98.20,98.2,-,0,-,2026-02-05,05FB26,GOVERNMENT OF INDIA 36302 182 DAYS TBILL 05FB26 FV RS 100,
364D270226,TB,IN002024Z461,100.0,-,-,-,97.88,97.88,-,0,-,2026-02-27,27FB26,GOVERNMENT OF INDIA 35629 364 DAYS TBILL 27FB26 FV RS 100,
GS151226C,GS,IN001226C058,100.0,-,-,-,74.95,74.95,-,0,-,,,GOVERNMENT OF INDIA 22387 GS 15DEC2026 C STRIPS FV RS 100,Date pattern not found in description
75AP32,SG,IN1020240066,100.0,-,-,-,-,100.0,-,0,-,2032-04-24,24AP32,STATE DEVELOPMENT LOAN 34245 AP 24AP32 7.5 FV RS 100,
364D260326,TB,IN002024Z503,100.0,-,-,-,97.06,97.06,-,0,-,2026-03-26,26MR26,GOVERNMENT OF INDIA 35754 364 DAYS TBILL 26MR26 FV RS 100,
91D111225,TB,IN002025X240,100.0,-,-,-,99.65,99.65,-,0,-,2025-12-11,11DC25,GOVERNMENT OF INDIA 36426 091 DAYS TBILL 11DC25 FV RS 100,
86GS2028,GS,IN0020140011,100.0,-,-,-,108.40,108.4,-,0,-,2028-06-02,02JU28,GOVERNMENT OF INDIA 16937 GOI 02JU28 8.60 FV RS 100,
GS220226C,GS,IN000226C026,100.0,-,-,-,-,77.28,-,0,-,,,GOVERNMENT OF INDIA 30283 GS 22FEB2026 C STRIPS FV RS 100,Date pattern not found in description
182D041225,TB,IN002025Y107,100.0,-,-,-,99.76,99.76,-,0,-,2025-12-04,04DC25,GOVERNMENT OF INDIA 36042 182 DAYS TBILL 04DC25 FV RS 100,
657GS2033,GS,IN0020160100,100.0,-,-,-,98.90,98.9,-,0,-,2033-12-05,05DC33,GOVERNMENT OF INDIA 18957 GOI 05DC33 6.57 FV RS 100,
182D080526,TB,IN002025Y321,100.0,-,-,-,97.50,97.5,-,0,-,2026-05-08,08MY26,GOVERNMENT OF INDIA 36680 182 DAYS TBILL 08MY26 FV RS 100,
761GS2030,GS,IN0020160019,100.0,-,-,-,106.65,106.65,-,0,-,2030-05-09,09MY30,GOVERNMENT OF INDIA 18445 GOI 09MY30 7.61 FV RS 100,
364D140526,TB,IN002025Z070,100.0,-,-,-,97.45,97.45,-,0,-,2026-05-14,14MY26,GOVERNMENT OF INDIA 35987 364 DAYS TBILL 14MY26 FV RS 100,
364D230726,TB,IN002025Z179,100.0,-,-,-,96.09,96.09,-,0,-,2026-07-23,23JL26,GOVERNMENT OF INDIA 36241 364 DAYS TBILL 23JL26 FV RS 100,
GS120626C,GS,IN000626C043,100.0,-,-,-,-,75.47,-,0,-,,,GOVERNMENT OF INDIA 22085 12JUN2026 C STRIPS FV RS 100,Date pattern not found in description
GS200326C,GS,IN000326C032,100.0,-,-,-,-,76.82,-,0,-,,,,ISIN Description not found on page
91D260226,TB,IN002025X356,100.0,-,-,-,-,98.68,-,0,-,2026-02-26,26FB26,GOVERNMENT OF INDIA 36733 091 DAYS TBILL 26FB26 FV RS 100,
763GS2059,GS,IN0020190057,100.0,-,-,-,106.90,106.9,-,0,-,2059-06-17,17JU59,GOVERNMENT OF INDIA 21628 GOI 17JU59 7.63 FV RS 100,
364D200226,TB,IN002024Z453,100.0,-,-,-,98.18,98.18,-,0,-,2026-02-20,20FB26,GOVERNMENT OF INDIA 35597 364 DAYS TBILL 20FB26 FV RS 100,
726GS2029,GS,IN0020180454,100.0,-,-,-,104.00,104.0,-,0,-,2029-01-14,14JN29,GOVERNMENT OF INDIA 21176 GOI 14JN29 7.26 FV RS 100,
GS070626C,GS,IN000626C019,100.0,-,-,-,-,75.55,-,0,-,,,,ISIN Description not found on page
182D280526,TB,IN002025Y354,100.0,-,-,-,-,97.33,-,0,-,2026-05-28,28MY26,GOVERNMENT OF INDIA 36734 182 DAYS TBILL 28MY26 FV RS 100,
364D080126,TB,IN002024Z396,100.0,-,-,-,98.90,98.9,-,0,-,2026-01-08,08JN26,GOVERNMENT OF INDIA 35446 364 DAYS TBILL 08JN26 FV RS 100,
784TN52,SG,IN3120220048,100.0,-,-,-,107.17,107.17,-,0,-,2052-06-22,22JU52,STATE DEVELOPMENT LOAN 31738 TN 22JU52 7.84 FV RS 100,
704GS2029,GS,IN0020240050,100.0,-,-,-,105.25,105.25,-,0,-,2029-06-03,03JU29,GOVERNMENT OF INDIA 34539 GOI 03JU29 7.04 FV RS 100,
773GJ32,SG,IN1520220089,100.0,-,-,-,-,100.0,-,0,-,2032-08-10,10AG32,STATE DEVELOPMENT LOAN 31889 GUJ 10AG32 7.73 FV RS 100,
579GS2030,GS,IN0020200070,100.0,-,-,-,99.40,99.4,-,0,-,2030-05-11,11MY30,GOVERNMENT OF INDIA 23145 GOI 11MY30 5.79 FV RS 100,
GS220236C,GS,IN000236C017,100.0,-,-,-,-,37.1,-,0,-,,,GOVERNMENT OF INDIA 30303 GS 22FEB2036 C STRIPS FV RS 100,Date pattern not found in description
364D060826,TB,IN002025Z195,100.0,-,-,-,95.69,95.69,-,0,-,2026-08-06,06AG26,GOVERNMENT OF INDIA 36303 364 DAYS TBILL 06AG26 FV RS 100,
733KL54,SG,IN2020240080,100.0,-,-,-,-,100.0,-,0,-,2054-07-24,24JL54,STATE DEVELOPMENT LOAN 34690 KER 24JL54 7.33 FV RS 100,
769GS2043,GS,IN0020190040,100.0,-,-,-,109.50,109.5,-,0,-,2043-06-17,17JU43,GOVERNMENT OF INDIA 21620 GOI 17JU43 7.69 FV RS 100,
364D061126,TB,IN002025Z328,100.0,-,-,-,94.85,94.85,-,0,-,2026-11-06,06NV26,GOVERNMENT OF INDIA 36681 364 DAYS TBILL 06NV26 FV RS 100,
769KA33A,SG,IN1920230092,100.0,-,-,-,100.16,100.16,-,0,-,2033-12-06,06DC33,STATE DEVELOPMENT LOAN 33705 KAR 06DC33 7.69 FV RS 100,
364D070526,TB,IN002025Z062,100.0,-,-,-,97.00,97.0,-,0,-,2026-05-07,07MY26,GOVERNMENT OF INDIA 35967 364 DAYS TBILL 07MY26 FV RS 100,
364D111225,TB,IN002024Z354,100.0,-,-,-,99.10,99.1,-,0,-,2025-12-11,11DC25,GOVERNMENT OF INDIA 35341 364 DAYS TBILL 11DC25 FV RS 100,
364D160426,TB,IN002025Z039,100.0,-,-,-,95.08,95.08,-,0,-,2026-04-16,16AP26,GOVERNMENT OF INDIA 35851 364 DAYS TBILL 16AP26 FV RS 100,
71GS2034,GS,IN0020240019,100.0,-,-,-,104.20,104.2,-,0,-,2034-04-08,08AP34,GOVERNMENT OF INDIA 34208 GOI 08AP34 7.1 FV RS 100,
182D260326,TB,IN002025Y263,100.0,-,-,-,97.90,97.9,-,0,-,2026-03-26,26MR26,GOVERNMENT OF INDIA 36540 182 DAYS TBILL 26MR26 FV RS 100,
GS071225C,GS,IN001225C019,100.0,-,-,-,-,78.49,-,0,-,,,,ISIN Description not found on page
699GS2051,GS,IN0020210194,100.0,-,-,-,100.01,100.01,-,0,-,2051-12-15,15DC51,GOVERNMENT OF INDIA 30951 GOI 15DC51 6.99 FV RS 100,
619GS2034,GS,IN0020200096,100.0,-,-,-,96.51,96.51,-,0,-,2034-09-16,16SP34,GOVERNMENT OF INDIA 23202 GOI 16SP34 6.19 FV RS 100,
182D251225,TB,IN002025Y131,100.0,-,-,-,99.25,99.25,-,0,-,2025-12-25,25DC25,GOVERNMENT OF INDIA 36115 182 DAYS TBILL 25DC25 FV RS 100,
826GS2027,GS,IN0020070036,100.0,-,-,-,105.95,105.95,-,0,-,2027-08-02,02AG27,GOVERNMENT OF INDIA 07009 GOI 02AG27 8.26 FV RS 100,
364D180626,TB,IN002025Z120,100.0,-,-,-,96.61,96.61,-,0,-,2026-06-18,18JU26,GOVERNMENT OF INDIA 36100 364 DAYS TBILL 18JU26 FV RS 100,
781GJ32,SG,IN1520220113,100.0,-,-,-,-,100.0,-,0,-,2032-10-12,12OT32,STATE DEVELOPMENT LOAN 32211 GUJ 12OT32 7.81 FV RS 100,
83GS2040,GS,IN0020100031,100.0,-,-,-,115.50,115.5,-,0,-,2040-07-02,02JL40,GOVERNMENT OF INDIA 10003 GOI 02JL40 8.30 FV RS 100,
182D030426,TB,IN002025Y271,100.0,-,-,-,97.74,97.74,-,0,-,2026-04-03,03AP26,GOVERNMENT OF INDIA 36572 182 DAYS TBILL 03AP26 FV RS 100,
745AP37,SG,IN1020220068,100.0,-,-,-,-,100.0,-,0,-,2037-05-04,04MY37,STATE DEVELOPMENT LOAN 31595 AP 04MY37 7.45 FV RS 100,
182D140526,TB,IN002025Y339,100.0,-,-,-,97.20,97.2,-,0,-,2026-05-08,08MY26,GOVERNMENT OF INDIA 36691 182 DAYS TBILL 08MY26 FV RS 100,
364D050326,TB,IN002024Z479,100.0,-,-,-,98.16,98.16,-,0,-,2026-03-05,05MR26,GOVERNMENT OF INDIA 35673 364 DAYS TBILL 05MR26 FV RS 100,
GS150626C,GS,IN000626C050,100.0,-,-,-,77.55,77.55,-,0,-,,,GOVERNMENT OF INDIA 22386 GS 15JUN2026 C STRIPS FV RS 100,Date pattern not found in description
763GJ34,SG,IN1520230237,100.0,-,-,-,-,100.0,-,0,-,2034-01-24,24JN34,STATE DEVELOPMENT LOAN 33877 GUJ 24JN34 7.63 FV RS 100,
364D280826,TB,IN002025Z229,100.0,-,-,-,94.70,94.7,-,0,-,2026-08-28,28AG26,GOVERNMENT OF INDIA 36371 364 DAYS TBILL 28AG26 FV RS 100,
364D150126,TB,IN002024Z404,100.0,-,-,-,99.03,99.03,-,0,-,2026-01-15,15JN26,GOVERNMENT OF INDIA 35466 364 DAYS TBILL 15JN26 FV RS 100,
91D150126,TB,IN002025X299,100.0,-,-,-,99.00,99.0,-,0,-,2026-01-15,15JN26,GOVERNMENT OF INDIA 36626 091 DAYS TBILL 15JN26 FV RS 100,
364D041225,TB,IN002024Z347,100.0,-,-,-,99.70,99.7,-,0,-,2025-12-04,04DC25,GOVERNMENT OF INDIA 35322 364 DAYS TBILL 04DC25 FV RS 100,
690GS2065,GS,IN0020250018,100.0,95.35,95.50,95.20,95.20,95.2,-,244653,2.33,2065-04-15,15AP65,GOVERNMENT OF INDIA 35840 GOI 15AP65 6.9 FV RS 100,
726MH49,SG,IN2220240138,100.0,-,-,-,-,100.0,-,0,-,2049-08-07,07AG49,STATE DEVELOPMENT LOAN 34752 MH 07AG49 7.26 FV RS 100,
364D120226,TB,IN002024Z446,100.0,-,-,-,98.29,98.29,-,0,-,2026-02-12,12FB26,GOVERNMENT OF INDIA 35567 364 DAYS TBILL 12FB26 FV RS 100,
897GS2030,GS,IN0020110055,100.0,-,-,-,114.00,114.0,-,0,-,2030-12-05,05DC30,GOVERNMENT OF INDIA 11007 GOI 05DC30 8.97 FV RS 100,
182D080126,TB,IN002025Y156,100.0,-,-,-,98.86,98.86,-,0,-,2026-01-08,08JN26,GOVERNMENT OF INDIA 36193 182 DAYS TBILL 08JN26 FV RS 100,
610GS2031,GS,IN0020210095,100.0,-,-,-,99.50,99.5,-,0,-,2031-07-12,12JL31,GOVERNMENT OF INDIA 30581 GOI 12JL31 6.1 FV RS 100,
727GS2026,GS,IN0020190016,100.0,-,-,-,105.01,105.01,-,0,-,2026-04-08,08AP26,GOVERNMENT OF INDIA 21563 GOI 08AP26 7.27 FV RS 100,
GS220240C,GS,IN000240C019,100.0,-,-,-,-,27.47,-,0,-,,,GOVERNMENT OF INDIA 30311 GS 22FEB2040 C STRIPS FV RS 100,Date pattern not found in description
182D160426,TB,IN002025Y297,100.0,-,-,-,97.53,97.53,-,0,-,2026-04-16,16AP26,GOVERNMENT OF INDIA 36627 182 DAYS TBILL 16AP26 FV RS 100,
1018GS2026,GS,IN0020010081,100.0,105.40,105.40,105.40,105.40,105.4,-,36,-,,,01010 GOI 2026 10.18 FV RS 100,Date pattern not found in description
717GS2028,GS,IN0020170174,100.0,-,-,-,103.20,103.2,-,0,-,2028-01-08,08JN28,GOVERNMENT OF INDIA 20061 GOI 08JN28 7.17 FV RS 100,
364D130826,TB,IN002025Z203,100.0,-,-,-,94.50,94.5,-,0,-,2026-08-13,13AG26,GOVERNMENT OF INDIA 36319 364 DAYS TBILL 13AG26 FV RS 100,
182D220126,TB,IN002025Y172,100.0,-,-,-,98.61,98.61,-,0,-,2026-01-22,22JN26,GOVERNMENT OF INDIA 36240 182 DAYS TBILL 22JN26 FV RS 100,
832GS2032,GS,IN0020070044,100.0,-,-,-,114.30,114.3,-,0,-,2032-08-02,02AG32,GOVERNMENT OF INDIA 07010 GOI 02AG32 8.32 FV RS 100,
GS220831C,GS,IN000831C023,100.0,-,-,-,-,52.05,-,0,-,,,GOVERNMENT OF INDIA 30294 GS 22AUG2031 C STRIPS FV RS 100,Date pattern not found in description
364D181225,TB,IN002024Z362,100.0,-,-,-,99.51,99.51,-,0,-,2025-12-18,18DC25,GOVERNMENT OF INDIA 35367 364 DAYS TBILL 18DC25 FV RS 100,
759GS2026,GS,IN0020150093,100.0,-,-,-,106.50,106.5,-,0,-,2026-01-11,11JN26,GOVERNMENT OF INDIA 18098 GOI 11JN26 7.59 FV RS 100,
364D040626,TB,IN002025Z104,100.0,-,-,-,96.02,96.02,-,0,-,2026-06-04,04JU26,GOVERNMENT OF INDIA 36043 364 DAYS TBILL 04JU26 FV RS 100,
GS150326C,GS,IN000326C024,100.0,-,-,-,-,76.9,-,0,-,,,,ISIN Description not found on page
923GS2043,GS,IN0020130079,100.0,-,-,-,114.99,114.99,-,0,-,2043-12-23,23DC43,GOVERNMENT OF INDIA 16634 GOI 23DC43 9.23 FV RS 100,
364D120326,TB,IN002024Z487,100.0,-,-,-,98.00,98.0,-,0,-,2026-03-12,12MR26,GOVERNMENT OF INDIA 35710 364 DAYS TBILL 12MR26 FV RS 100,
GS220261C,GS,IN000261C015,100.0,-,-,-,-,5.69,-,0,-,,,GOVERNMENT OF INDIA 30353 GS 22FEB2061 C STRIPS FV RS 100,Date pattern not found in description
723GS2039,GS,IN0020240027,100.0,103.00,103.00,103.00,103.00,103.0,-,100,-,2039-04-15,15AP39,GOVERNMENT OF INDIA 34227 GOI 15AP39 7.23 FV RS 100,
GS220840C,GS,IN000840C016,100.0,-,-,-,-,26.39,-,0,-,,,GOVERNMENT OF INDIA 30312 GS 22AUG2040 C STRIPS FV RS 100,Date pattern not found in description
757GS2033,GS,IN0020190065,100.0,-,-,-,107.75,107.75,-,0,-,2033-06-17,17JU33,GOVERNMENT OF INDIA 21658 GOI 17JU33 7.57 FV RS 100,
833GS2036,GS,IN0020060045,100.0,-,-,-,114.55,114.55,-,0,-,2036-01-07,07JN36,GOVERNMENT OF INDIA 06009 GOI 07JN36 8.33 FV RS 100,
364D300726,TB,IN002025Z187,100.0,-,-,-,95.30,95.3,-,0,-,2026-07-30,30JL26,GOVERNMENT OF INDIA 36254 364 DAYS TBILL 30JL26 FV RS 100,
364D030926,TB,IN002025Z237,100.0,-,-,-,95.00,95.0,-,0,-,2026-09-03,03SP26,GOVERNMENT OF INDIA 36405 364 DAYS TBILL 03SP26 FV RS 100,
76TN31,SG,IN3120230401,100.0,-,-,-,101.09,101.09,-,0,-,2031-01-31,31JN31,STATE DEVELOPMENT LOAN 33903 TN 31JN31 7.6 FV RS 100,
883GS2041,GS,IN0020110063,100.0,-,-,-,118.65,118.65,-,0,-,2041-12-12,12DC41,GOVERNMENT OF INDIA 11008 GOI 12DC41 8.83 FV RS 100,
364D021026,TB,IN002025Z278,100.0,-,-,-,95.07,95.07,-,0,-,2026-10-02,02OT26,GOVERNMENT OF INDIA 36573 364 DAYS TBILL 02OT26 FV RS 100,
GS090326C,GS,IN000326C016,100.0,-,-,-,-,77.0,-,0,-,,,,ISIN Description not found on page
GS220830C,GS,IN000830C025,100.0,-,-,-,-,57.49,-,0,-,,,GOVERNMENT OF INDIA 30292 GS 22AUG2030 C STRIPS FV RS 100,Date pattern not found in description
672MH38,SG,IN2220250020,100.0,-,-,-,90.25,90.25,-,0,-,2047-04-30,30AP47,STATE DEVELOPMENT LOAN 35936 RAJ 30AP47 6.78 FV RS 100,
GS260426C,GS,IN000426C014,100.0,-,-,-,-,76.23,-,0,-,,,,ISIN Description not found on page
622GS2035,GS,IN0020200245,100.0,-,-,-,95.01,95.01,-,0,-,2035-03-16,16MR35,GOVERNMENT OF INDIA 29632 GOI 16MR35 6.22 FV RS 100,
813GS2045,GS,IN0020150044,100.0,-,-,-,116.49,116.49,-,0,-,2045-06-22,22JU45,GOVERNMENT OF INDIA 17714 GOI 22JU45 8.13 FV RS 100,
613GS2028,GS,IN0020030022,100.0,-,-,-,102.10,102.1,-,0,-,,,03015 GOI 2028 6.13 FV RS 100,Date pattern not found in description
GS171225C,GS,IN001225C035,100.0,-,-,-,-,78.33,-,0,-,,,GOVERNMENT OF INDIA 21947 GS 17DEC2025 C STRIPS FV RS 100,Date pattern not found in description
364D151026,TB,IN002025Z294,100.0,-,-,-,95.16,95.16,-,0,-,2026-10-15,15OT26,GOVERNMENT OF INDIA 36628 364 DAYS TBILL 15OT26 FV RS 100,
182D181225,TB,IN002025Y123,100.0,-,-,-,99.00,99.0,-,0,-,2025-12-18,18DC25,GOVERNMENT OF INDIA 36099 182 DAYS TBILL 18DC25 FV RS 100,
182D240426,TB,IN002025Y305,100.0,-,-,-,97.26,97.26,-,0,-,2026-04-24,24AP26,GOVERNMENT OF INDIA 36644 182 DAYS TBILL 24AP26 FV RS 100,
668GS2040,GS,IN0020250042,100.0,100.20,100.20,100.20,100.20,100.2,-,100,-,2040-07-07,07JL40,GOVERNMENT OF INDIA 36185 GOI 07JL40 6.68 FV RS 100,
679GS2029,GS,IN0020160118,100.0,-,-,-,103.65,103.65,-,0,-,2029-12-26,26DC29,GOVERNMENT OF INDIA 19010 GOI 26DC29 6.79 FV RS 100,
364D190326,TB,IN002024Z495,100.0,-,-,-,97.55,97.55,-,0,-,2026-03-19,19MR26,GOVERNMENT OF INDIA 35719 364 DAYS TBILL 19MR26 FV RS 100,
182D290126,TB,IN002025Y180,100.0,-,-,-,98.49,98.49,-,0,-,2026-01-29,29JN26,GOVERNMENT OF INDIA 36253 182 DAYS TBILL 29JN26 FV RS 100,
828GS2027,GS,IN0020070069,100.0,-,-,-,106.00,106.0,-,0,-,2027-09-21,21SP27,GOVERNMENT OF INDIA 07012 GOI 21SP27 8.28 FV RS 100,
663TN55,SG,IN3120200206,100.0,-,-,-,-,101.34,-,0,-,2055-07-08,08JL55,STATE DEVELOPMENT LOAN 29095 TN 08JL55 6.63 FV RS 100,
364D121126,TB,IN002025Z336,100.0,94.87,94.87,94.87,94.87,94.87,-,200,-,2026-11-06,06NV26,GOVERNMENT OF INDIA 36692 364 DAYS TBILL 06NV26 FV RS 100,
364D160726,TB,IN002025Z161,100.0,-,-,-,96.53,96.53,-,0,-,2026-07-16,16JL26,GOVERNMENT OF INDIA 36212 364 DAYS TBILL 16JL26 FV RS 100,
GS020126C,GS,IN000126C010,100.0,-,-,-,-,78.09,-,0,-,,,GOVERNMENT OF INDIA 14373 02JAN2026 C STRIPS FV RS 100,Date pattern not found in description
763MH36,SG,IN2220230204,100.0,-,-,-,103.16,103.16,-,0,-,2036-01-31,31JN36,STATE DEVELOPMENT LOAN 33897 MH 31JN36 7.63 FV RS 100,
762GS2039,GS,IN0020190024,100.0,-,-,-,108.50,108.5,-,0,-,2039-09-15,15SP39,GOVERNMENT OF INDIA 21564 GOI 15SP39 7.62 FV RS 100,
GS220261P,GS,IN000261P017,100.0,-,-,-,-,5.69,-,0,-,,,GOVERNMENT OF INDIA 30354 6.76 GS 22FEB2061 P STRIPS FV RS 100,Date pattern not found in description
182D270226,TB,IN002025Y222,100.0,-,-,-,98.07,98.07,-,0,-,2026-02-27,27FB26,GOVERNMENT OF INDIA 36370 182 DAYS TBILL 27FB26 FV RS 100,
364D170926,TB,IN002025Z252,100.0,-,-,-,95.63,95.63,-,0,-,2026-09-17,17SP26,GOVERNMENT OF INDIA 36516 364 DAYS TBILL 17SP26 FV RS 100,
766GJ32,SG,IN1520230195,100.0,-,-,-,101.78,101.78,-,0,-,2032-01-10,10JN32,STATE DEVELOPMENT LOAN 33816 GUJ 10JN32 7.66 FV RS 100,
716GS2050,GS,IN0020200054,100.0,-,-,-,104.75,104.75,-,0,-,2050-09-20,20SP50,GOVERNMENT OF INDIA 23011 GOI 20SP50 7.16 FV RS 100,
182D010126,TB,IN002025Y149,100.0,-,-,-,99.45,99.45,-,0,-,2026-01-01,01JN26,GOVERNMENT OF INDIA 36169 182 DAYS TBILL 01JN26 FV RS 100,
817GS2044,GS,IN0020140078,100.0,-,-,-,114.20,114.2,-,0,-,2044-12-01,01DC44,GOVERNMENT OF INDIA 17279 GOI 01DC44 8.17 FV RS 100,
815GS2026,GS,IN0020140060,100.0,-,-,-,105.24,105.24,-,0,-,2026-11-24,24NV26,GOVERNMENT OF INDIA 17255 GOI 24NV26 8.15 FV RS 100,
364D220126,TB,IN002024Z412,100.0,-,-,-,97.90,97.9,-,0,-,2026-01-22,22JN26,GOVERNMENT OF INDIA 35475 364 DAYS TBILL 22JN26 FV RS 100,
182D190226,TB,IN002025Y214,100.0,-,-,-,98.34,98.34,-,0,-,2026-02-19,19FB26,GOVERNMENT OF INDIA 36336 182 DAYS TBILL 19FB26 FV RS 100,
GS220250C,GS,IN000250C018,100.0,-,-,-,-,12.73,-,0,-,,,GOVERNMENT OF INDIA 30331 GS 22FEB2050 C STRIPS FV RS 100,Date pattern not found in description
741RJ34,SG,IN2920240065,100.0,-,-,-,-,100.0,-,0,-,2034-05-22,22MY34,STATE DEVELOPMENT LOAN 34508 RAJ 22MY34 7.41 FV RS 100,
364D250626,TB,IN002025Z138,100.0,-,-,-,95.96,95.96,-,0,-,2026-06-25,25JU26,GOVERNMENT OF INDIA 36116 364 DAYS TBILL 25JU26 FV RS 100,
364D090726,TB,IN002025Z153,100.0,-,-,-,96.22,96.22,-,0,-,2026-07-09,09JL26,GOVERNMENT OF INDIA 36194 364 DAYS TBILL 09JL26 FV RS 100,
182D111225,TB,IN002025Y115,100.0,-,-,-,99.40,99.4,-,0,-,2025-12-11,11DC25,GOVERNMENT OF INDIA 36064 182 DAYS TBILL 11DC25 FV RS 100,
364D240926,TB,IN002025Z260,100.0,-,-,-,94.62,94.62,-,0,-,2026-09-24,24SP26,GOVERNMENT OF INDIA 36541 364 DAYS TBILL 24SP26 FV RS 100,
648GS2035,GS,IN0020250091,100.0,-,-,-,100.30,100.3,-,0,-,2035-10-06,06OT35,GOVERNMENT OF INDIA 36574 GOI 06OT35 6.48 FV RS 100,
182D090426,TB,IN002025Y289,100.0,-,-,-,97.50,97.5,-,0,-,2026-04-09,09AP26,GOVERNMENT OF INDIA 36581 182 DAYS TBILL 09AP26 FV RS 100,
GS121225C,GS,IN001225C043,100.0,-,-,-,-,78.41,-,0,-,,,GOVERNMENT OF INDIA 22084 GS 12DEC2025 C STRIPS FV RS 100,Date pattern not found in description
645GS2029,GS,IN0020190362,100.0,-,-,-,100.93,100.93,-,0,-,2029-10-07,07OT29,GOVERNMENT OF INDIA 22269 GOI 07OT29 6.45 FV RS 100,
GS220231C,GS,IN000231C026,100.0,-,-,-,52.81,52.81,-,0,-,,,GOVERNMENT OF INDIA 30293 GS 22FEB2031 C STRIPS FV RS 100,Date pattern not found in description
71WB50,SG,IN3420250034,100.0,-,-,-,95.00,95.0,-,0,-,2050-06-25,25JU50,STATE DEVELOPMENT LOAN 36131 WB 25JU50 7.10 FV RS 100,
364D261225,TB,IN002024Z370,100.0,-,-,-,99.00,99.0,-,0,-,2025-12-26,26DC25,GOVERNMENT OF INDIA 35377 364 DAYS TBILL 26DC25 FV RS 100,
833GS2026,GS,IN0020120039,100.0,-,-,-,104.59,104.59,-,0,-,2026-07-09,09JL26,GOVERNMENT OF INDIA 12005 GOI 09JL26 8.33 FV RS 100,
776KL38,SG,IN2020220033,100.0,-,-,-,102.27,102.27,-,0,-,2038-08-24,24AG38,STATE DEVELOPMENT LOAN 31922 KER 24AG38 7.76 FV RS 100,
364D240426,TB,IN002025Z047,100.0,-,-,-,96.99,96.99,-,0,-,2026-04-23,23AP26,GOVERNMENT OF INDIA 35917 364 DAYS TBILL 23AP26 FV RS 100,
697GR2034,GS,IN0020240100,100.0,-,-,-,97.00,97.0,-,0,-,2034-08-05,05AG34,GOVERNMENT OF INDIA 34732 GOI SGRB 05AG34 6.9 FV RS 100,
679GS2027,GS,IN0020170026,100.0,-,-,-,105.00,105.0,-,0,-,2027-05-15,15MY27,GOVERNMENT OF INDIA 19548 GOI 15MY27 6.79 FV RS 100,
364D261126,TB,IN002025Z351,100.0,-,-,-,-,94.77,-,0,-,2026-11-26,26NV26,GOVERNMENT OF INDIA 36735 364 DAYS TBILL 26NV26 FV RS 100,
709TS58,SG,IN4520250163,100.0,-,-,-,95.00,95.0,-,0,-,2058-06-18,18JU58,STATE DEVELOPMENT LOAN 36103 TLG 18JU58 7.09 FV RS 100,
364D291026,TB,IN002025Z310,100.0,-,-,-,95.00,95.0,-,0,-,2026-10-29,29OT26,GOVERNMENT OF INDIA 36665 364 DAYS TBILL 29OT26 FV RS 100,
692GS2039,GS,IN0020240134,100.0,-,-,-,101.98,101.98,-,0,-,2039-11-18,18NV39,GOVERNMENT OF INDIA 35152 GOI 18NV39 6.92 FV RS 100,
772GS2049,GS,IN0020190032,100.0,-,-,-,105.85,105.85,-,0,-,2049-06-15,15JU49,GOVERNMENT OF INDIA 21587 GOI 15JU49 7.72 FV RS 100,
GS151225C,GS,IN001225C050,100.0,-,-,-,80.19,80.19,-,0,-,,,GOVERNMENT OF INDIA 22385 GS 15DEC2025 C STRIPS FV RS 100,Date pattern not found in description
788GS2030,GS,IN0020150028,100.0,-,-,-,105.69,105.69,-,0,-,2030-03-19,19MR30,GOVERNMENT OF INDIA 17608 GOI 19MR30 7.88 FV RS 100,
75TN31,SG,IN3120240020,100.0,-,-,-,-,100.0,-,0,-,2031-04-24,24AP31,STATE DEVELOPMENT LOAN 34251 TN 24AP31 7.5 FV RS 100,
748MH35,SG,IN2220230212,100.0,-,-,-,99.23,99.23,-,0,-,2035-02-07,07FB35,STATE DEVELOPMENT LOAN 33933 MH 07FB35 7.48 FV RS 100,
GS100526C,GS,IN000526C011,100.0,-,-,-,-,76.0,-,0,-,,,,ISIN Description not found on page
91D020126,TB,IN002025X273,100.0,-,-,-,99.44,99.44,-,0,-,2026-01-02,02JN26,GOVERNMENT OF INDIA 36571 091 DAYS TBILL 02JN26 FV RS 100,
833GS2032,GS,IN0020070077,100.0,-,-,-,-,107.33,-,0,-,2032-09-21,21SP32,GOVERNMENT OF INDIA 07013 GOI 21SP32 8.33 FV RS 100,
364D200826,TB,IN002025Z211,100.0,-,-,-,95.58,95.58,-,0,-,2026-08-20,20AG26,GOVERNMENT OF INDIA 36337 364 DAYS TBILL 20AG26 FV RS 100,
364D280526,TB,IN002025Z096,100.0,-,-,-,96.27,96.27,-,0,-,2026-05-28,28MY26,GOVERNMENT OF INDIA 36028 364 DAYS TBILL 28MY26 FV RS 100,
76TN32,SG,IN3120220139,100.0,-,-,-,-,100.0,-,0,-,2032-08-19,19AG32,STATE DEVELOPMENT LOAN 31915 TN 19AG32 7.6 FV RS 100,
795GS2032,GS,IN0020020106,100.0,-,-,-,109.80,109.8,-,0,-,,,02015 GOI 2032 7.95 FV RS 100,Date pattern not found in description
668GS2031,GS,IN0020170042,100.0,-,-,-,97.70,97.7,-,0,-,2031-09-17,17SP31,GOVERNMENT OF INDIA 19771 GOI 17SP31 6.68 FV RS 100,
697GS2026,GS,IN0020160035,100.0,-,-,-,103.69,103.69,-,0,-,2026-09-06,06SP26,GOVERNMENT OF INDIA 18702 GOI 06SP26 6.97 FV RS 100,
GS231225C,GS,IN001225C068,100.0,-,-,-,-,78.23,-,0,-,,,,ISIN Description not found on page
GS220836C,GS,IN000836C014,100.0,-,-,-,-,35.78,-,0,-,,,GOVERNMENT OF INDIA 30304 GS 22AUG2036 C STRIPS FV RS 100,Date pattern not found in description
719GS2060,GS,IN0020200039,100.0,-,-,-,101.50,101.5,-,0,-,2060-09-15,15SP60,GOVERNMENT OF INDIA 22978 GOI 15SP60 7.19 FV RS 100,
824GS2027,GS,IN0020060078,100.0,105.90,105.98,105.10,105.10,105.1,-,2867,0.03,2027-02-15,15FB27,GOVERNMENT OF INDIA 07004 GOI 15FB27 8.24 FV RS 100,
828GS2032,GS,IN0020060086,100.0,-,-,-,108.20,108.2,-,0,-,2032-02-15,15FB32,GOVERNMENT OF INDIA 07005 GOI 15FB32 8.28 FV RS 100,
91D080126,TB,IN002025X281,100.0,99.39,99.39,99.39,99.39,99.39,-,100,-,2026-01-08,08JN26,GOVERNMENT OF INDIA 36580 091 DAYS TBILL 08JN26 FV RS 100,
74GJ26,SG,IN1520230146,100.0,-,-,-,102.25,102.25,-,0,-,2026-12-27,27DC26,STATE DEVELOPMENT LOAN 33767 GUJ 27DC26 7.4 FV RS 100,
182D150126,TB,IN002025Y164,100.0,-,-,-,98.20,98.2,-,0,-,2026-01-15,15JN26,GOVERNMENT OF INDIA 36211 182 DAYS TBILL 15JN26 FV RS 100,
767GA33A,SG,IN1420230204,100.0,-,-,-,-,100.0,-,0,-,2033-12-27,27DC33,STATE DEVELOPMENT LOAN 33766 GOA 27DC33 7.67 FV RS 100,
706GS2046,GS,IN0020160068,100.0,101.25,102.59,101.25,102.59,102.59,-,500,0.01,2046-10-10,10OT46,GOVERNMENT OF INDIA 18782 GOI 10OT46 7.06 FV RS 100,
364D210526,TB,IN002025Z088,100.0,-,-,-,96.96,96.96,-,0,-,2026-05-21,21MY26,GOVERNMENT OF INDIA 36006 364 DAYS TBILL 21MY26 FV RS 100,
GS220230C,GS,IN000230C028,100.0,-,-,-,-,57.86,-,0,-,,,GOVERNMENT OF INDIA 30291 GS 22FEB2030 C STRIPS FV RS 100,Date pattern not found in description
GS100426C,GS,IN000426C022,100.0,-,-,-,-,76.49,-,0,-,,,,ISIN Description not found on page
182D120226,TB,IN002025Y206,100.0,-,-,-,98.40,98.4,-,0,-,2026-02-12,12FB26,GOVERNMENT OF INDIA 36318 182 DAYS TBILL 12FB26 FV RS 100,
364D050226,TB,IN002024Z438,100.0,-,-,-,98.76,98.76,-,0,-,2026-02-05,05FB26,GOVERNMENT OF INDIA 35544 364 DAYS TBILL 05FB26 FV RS 100,
182D190326,TB,IN002025Y255,100.0,-,-,-,97.78,97.78,-,0,-,2026-03-19,19MR26,GOVERNMENT OF INDIA 36515 182 DAYS TBILL 19MR26 FV RS 100,
676GS2061,GS,IN0020200401,100.0,95.00,95.00,95.00,95.00,95.0,-,1,-,2061-02-22,22FB61,GOVERNMENT OF INDIA 30049 GOI 22FB61 6.76 FV RS 100,
364D290126,TB,IN002024Z420,100.0,-,-,-,98.94,98.94,-,0,-,2026-01-29,29JN26,GOVERNMENT OF INDIA 35510 364 DAYS TBILL 29JN26 FV RS 100,
679GS2034,GS,IN0020240126,100.0,-,-,-,101.50,101.5,-,0,-,2034-10-07,07OT34,GOVERNMENT OF INDIA 35031 GOI 07OT34 6.79 FV RS 100,
675GS2029,GS,IN0020240183,100.0,-,-,-,112.00,112.0,-,0,-,2029-12-23,23DC29,GOVERNMENT OF INDIA 35368 GOI 23DC29 6.75 FV RS 100,
182D120326,TB,IN002025Y248,100.0,-,-,-,98.43,98.43,-,0,-,2026-03-12,12MR26,GOVERNMENT OF INDIA 36427 182 DAYS TBILL 12MR26 FV RS 100,
709KL52,SG,IN2020250071,100.0,-,-,-,95.00,95.0,-,0,-,2052-06-25,25JU52,STATE DEVELOPMENT LOAN 36121 KER 25JU52 7.09 FV RS 100,
364D110626,TB,IN002025Z112,100.0,-,-,-,96.66,96.66,-,0,-,2026-06-11,11JU26,GOVERNMENT OF INDIA 36065 364 DAYS TBILL 11JU26 FV RS 100,
601GS2028,GS,IN0020020247,100.0,-,-,-,103.95,103.95,-,0,-,,,03020 GOI 2028 6.01 FV RS.100,Date pattern not found in description
759GS2029,GS,IN0020150069,100.0,-,-,-,103.97,103.97,-,0,-,2029-03-20,20MR29,GOVERNMENT OF INDIA 17938 GOI 20MR29 7.59 FV RS 100,
GS311225C,GS,IN001225C027,100.0,-,-,-,-,78.1,-,0,-,,,,ISIN Description not found on page
726GS2032,GS,IN0020220060,100.0,-,-,-,106.00,106.0,-,0,-,2032-08-22,22AG32,GOVERNMENT OF INDIA 31909 GOI 22AG32 7.26 FV RS 100,
764KA39,SG,IN1920230142,100.0,-,-,-,101.25,101.25,-,0,-,2039-12-20,20DC39,STATE DEVELOPMENT LOAN 33750 KAR 20DC39 7.64 FV RS 100,
364D020426,TB,IN002025Z013,100.0,-,-,-,97.90,97.9,-,0,-,2026-04-02,02AP26,GOVERNMENT OF INDIA 35813 364 DAYS TBILL 02AP26 FV RS 100,
746MH33,SG,IN2220230113,100.0,-,-,-,99.00,99.0,-,0,-,2033-09-13,13SP33,STATE DEVELOPMENT LOAN 33398 MH 13SP33 7.46 FV RS 100,
701MH32,SG,IN2220210180,100.0,-,-,-,-,100.0,-,0,-,2032-07-07,07JL32,STATE DEVELOPMENT LOAN 30567 MH 07JL32 7.01 FV RS 100,
669GJ34,SG,IN1520250037,100.0,-,-,-,98.00,98.0,-,0,-,2034-05-14,14MY34,STATE DEVELOPMENT LOAN 35973 GUJ 14MY34 6.69 FV RS 100,
744AP36,SG,IN1020230471,100.0,-,-,-,98.00,98.0,-,0,-,2036-09-22,22SP36,STATE DEVELOPMENT LOAN 33418 AP 22SP36 7.44 FV RS 100,
747WB44,SG,IN3420250117,100.0,-,-,-,-,100.0,-,0,-,2044-09-17,17SP44,STATE DEVELOPMENT LOAN 36512 WB 17SP44 7.47 FV RS 100,
729TN54,SG,IN3120240194,100.0,-,-,-,-,100.0,-,0,-,2054-07-31,31JL54,STATE DEVELOPMENT LOAN 34724 TN 31JL54 7.29 FV RS 100,
715AP37,SG,IN1020210176,100.0,-,-,-,-,100.0,-,0,-,2037-07-07,07JL37,STATE DEVELOPMENT LOAN 30560 AP 07JL37 7.15 FV RS 100,
727MH39,SG,IN2220240112,100.0,-,-,-,-,100.0,-,0,-,2039-08-07,07AG39,STATE DEVELOPMENT LOAN 34750 MH 07AG39 7.27 FV RS 100,
749TN34,SG,IN3120240038,100.0,-,-,-,-,100.0,-,0,-,2034-04-24,24AP34,STATE DEVELOPMENT LOAN 34252 TN 24AP34 7.49 FV RS 100,
736TN54,SG,IN3120230476,100.0,-,-,-,-,100.0,-,0,-,2054-03-13,13MR54,STATE DEVELOPMENT LOAN 34082 TN 13MR54 7.36 FV RS 100,
739ML26,SG,IN2420220054,100.0,-,-,-,103.50,103.5,-,0,-,2026-11-23,23NV26,STATE DEVELOPMENT LOAN 32346 MEG 23NV26 7.39 FV RS 100,
364D231026,TB,IN002025Z302,100.0,-,-,-,94.93,94.93,-,0,-,2026-10-23,23OT26,GOVERNMENT OF INDIA 36645 364 DAYS TBILL 23OT26 FV RS 100,
664GS2027,GS,IN0020240167,100.0,-,-,-,103.40,103.4,-,0,-,2027-12-09,09DC27,GOVERNMENT OF INDIA 35323 GOI 09DC27 6.64 FV RS 100,
733MH44,SG,IN2220240096,100.0,-,-,-,-,100.0,-,0,-,2044-07-31,31JL44,STATE DEVELOPMENT LOAN 34715 MH 31JL44 7.33 FV RS 100,
697RJ51A,SG,IN2920200713,100.0,-,-,-,-,100.0,-,0,-,2051-02-17,17FB51,STATE DEVELOPMENT LOAN 30048 RAJ 17FB51 6.97 FV RS 100,
704GJ32,SG,IN1520240087,100.0,-,-,-,-,100.0,-,0,-,2032-12-04,04DC32,STATE DEVELOPMENT LOAN 35309 GUJ 04DC32 7.04 FV RS 100,
733AP43A,SG,IN1020240405,100.0,-,-,-,-,100.0,-,0,-,2043-07-18,18JL43,STATE DEVELOPMENT LOAN 34671 AP 18JL43 7.33 FV RS 100,
364D010526,TB,IN002025Z054,100.0,-,-,-,96.97,96.97,-,0,-,2026-05-01,01MY26,GOVERNMENT OF INDIA 35925 364 DAYS TBILL 01MY26 FV RS 100,
671TN35,SG,IN3120250011,100.0,-,-,-,-,100.0,-,0,-,2035-04-16,16AP35,STATE DEVELOPMENT LOAN 35845 TN 16AP35 6.71 FV RS 100,
364D100426,TB,IN002025Z021,100.0,-,-,-,97.95,97.95,-,0,-,2026-04-10,10AP26,GOVERNMENT OF INDIA 35835 364 DAYS TBILL 10AP26 FV RS 100,
83GS2042,GS,IN0020120062,100.0,-,-,-,115.40,115.4,-,0,-,,,GOVERNMENT OF INDIA 12008 GOI 8.30 FV RS 100,Date pattern not found in description
77AP29A,SG,IN1020230620,100.0,-,-,-,100.60,100.6,-,0,-,2029-12-06,06DC29,STATE DEVELOPMENT LOAN 33699 AP 06DC29 7.7 FV RS 100,
723GJ27,SG,IN1520240012,100.0,-,-,-,99.60,99.6,-,0,-,2027-06-19,19JU27,STATE DEVELOPMENT LOAN 34595 GUJ 19JU27 7.23 FV RS 100,
364D020726,TB,IN002025Z146,100.0,-,-,-,96.40,96.4,-,0,-,2026-07-02,02JL26,GOVERNMENT OF INDIA 36170 364 DAYS TBILL 02JL26 FV RS 100,
74GS2035,GS,IN0020050012,100.0,-,-,-,105.00,105.0,-,0,-,2035-09-09,09SP35,GOVERNMENT OF INDIA 05002 GOI 09SP35 7.40 FV RS 100,
364D010126,TB,IN002024Z388,100.0,-,-,-,99.24,99.24,-,0,-,2026-01-01,01JN26,GOVERNMENT OF INDIA 35421 364 DAYS TBILL 01JN26 FV RS 100,
824GS2033,GS,IN0020140052,100.0,-,-,-,113.01,113.01,-,0,-,2033-11-10,10NV33,GOVERNMENT OF INDIA 17224 GOI 10NV33 8.24 FV RS 100,
182D300426,TB,IN002025Y313,100.0,-,-,-,97.66,97.66,-,0,-,2026-04-30,30AP26,GOVERNMENT OF INDIA 36664 182 DAYS TBILL 30AP26 FV RS 100,
182D050326,TB,IN002025Y230,100.0,-,-,-,98.00,98.0,-,0,-,2026-03-05,05MR26,GOVERNMENT OF INDIA 36403 182 DAYS TBILL 05MR26 FV RS 100,
703TN51,SG,IN3120210072,100.0,-,-,-,-,100.0,-,0,-,2051-06-02,02JU51,STATE DEVELOPMENT LOAN 30454 TN 02JU51 7.03 FV RS 100,
692AP41,SG,IN1020210416,100.0,-,-,-,-,100.0,-,0,-,2041-12-01,01DC41,STATE DEVELOPMENT LOAN 31000 AP 01DC41 6.92 FV RS 100,
707TN38,SG,IN3120210270,100.0,-,-,-,99.45,99.45,-,0,-,2038-12-22,22DC38,STATE DEVELOPMENT LOAN 31192 TN 22DC38 7.07 FV RS 100,
767WB37,SG,IN3420220185,100.0,99.90,99.90,99.90,99.90,99.9,-,500,-,2037-12-21,21DC37,STATE DEVELOPMENT LOAN 32431 WB 21DC37 7.67 FV RS 100,
700TN29,SG,IN3120240319,100.0,-,-,-,-,100.0,-,0,-,2029-10-23,23OT29,STATE DEVELOPMENT LOAN 35094 TN 23OT29 7 FV RS 100,
698GR2054,GS,IN0020240175,100.0,97.20,97.20,97.20,97.20,97.2,-,100,-,2054-12-16,16DC54,GOVERNMENT OF INDIA 35342 GOI SGRB 16DC54 6.98 FV RS 100,
71MH36,SG,IN2220210206,100.0,-,-,-,101.25,101.25,-,0,-,2036-08-04,04AG36,STATE DEVELOPMENT LOAN 30649 MH 04AG36 7.1 FV RS 100,
724BR33,SG,IN1320240022,100.0,-,-,-,-,100.0,-,0,-,2033-08-21,21AG33,STATE DEVELOPMENT LOAN 34812 BH 21AG33 7.24 FV RS 100,
737GR2054,GS,IN0020230176,100.0,-,-,-,102.19,102.19,-,0,-,2054-01-23,23JN54,GOVERNMENT OF INDIA 33856 GOI SGRB 23JN54 7.37 FV RS 100,
772TN34,SG,IN3120230369,100.0,-,-,-,104.18,104.18,-,0,-,2034-01-10,10JN34,STATE DEVELOPMENT LOAN 33826 TN 10JN34 7.72 FV RS 100,
739TN32,SG,IN3120240111,100.0,-,-,-,-,100.0,-,0,-,2032-06-12,12JU32,STATE DEVELOPMENT LOAN 34582 TN 12JU32 7.39 FV RS 100,
664ML35,SG,IN2420250028,100.0,-,-,-,-,100.0,-,0,-,2035-06-04,04JU35,STATE DEVELOPMENT LOAN 36049 MEG 04JU35 6.64 FV RS 100,
726MH41,SG,IN2220250327,100.0,100.00,100.00,100.00,100.00,100.0,-,100,-,2041-10-08,08OT41,STATE DEVELOPMENT LOAN 36587 MH 08OT41 7.26 FV RS 100,
722MH49,SG,IN2220240211,100.0,-,-,-,-,100.0,-,0,-,2049-08-28,28AG49,STATE DEVELOPMENT LOAN 34846 MH 28AG49 7.22 FV RS 100,
GS220850C,GS,IN000850C015,100.0,-,-,-,-,12.43,-,0,-,,,GOVERNMENT OF INDIA 30332 22AUG2050 C STRIPS FV RS 100,Date pattern not found in description
765KA34,SG,IN1920220143,100.0,-,-,-,102.45,102.45,-,0,-,2034-12-28,28DC34,STATE DEVELOPMENT LOAN 32447 KAR 28DC34 7.65 FV RS 100,
91D181225,TB,IN002025X257,100.0,-,-,-,99.56,99.56,-,0,-,2025-12-18,18DC25,GOVERNMENT OF INDIA 36514 091 DAYS TBILL 18DC25 FV RS 100,
772GS2055,GS,IN0020150077,100.0,-,-,-,111.50,111.5,-,0,-,2055-10-26,26OT55,GOVERNMENT OF INDIA 17947 GOI 26OT55 7.72 FV RS 100,
364D100926,TB,IN002025Z245,100.0,-,-,-,95.73,95.73,-,0,-,2026-09-10,10SP26,GOVERNMENT OF INDIA 36428 364 DAYS TBILL 10SP26 FV RS 100,
723MH35,SG,IN2220240229,100.0,-,-,-,-,100.0,-,0,-,2035-09-04,04SP35,STATE DEVELOPMENT LOAN 34879 MH 04SP35 7.23 FV RS 100,
707MH33,SG,IN2220250368,100.0,-,-,-,-,100.0,-,0,-,2033-11-12,12NV33,STATE DEVELOPMENT LOAN 36698 MH 12NV33 7.07 FV RS 100,
758GJ26,SG,IN1520230104,100.0,-,-,-,101.27,101.27,-,0,-,2026-11-29,29NV26,STATE DEVELOPMENT LOAN 33669 GUJ 29NV26 7.58 FV RS 100,
783RJ50,SG,IN2920220364,100.0,106.00,106.00,106.00,106.00,106.01,-0.01,2000,0.02,2050-03-29,29MR50,STATE DEVELOPMENT LOAN 32799 RAJ 29MR50 7.83 FV RS 100,
75GS2034,GS,IN0020040039,100.0,-,-,-,104.00,104.03,-0.03,0,-,2034-08-10,10AG34,GOVERNMENT OF INDIA 04010 GOI 10AG34 7.5 FV RS 100,
734GS2064,GS,IN0020240035,100.0,101.05,102.99,100.82,100.86,100.9,-0.04,487510,4.92,2064-04-22,22AP64,GOVERNMENT OF INDIA 34238 GOI 22AP64 7.34 FV RS 100,
754GS2036,GS,IN0020220029,100.0,106.41,106.47,106.12,106.30,106.47,-0.16,1004323,10.68,2036-05-23,23MY36,GOVERNMENT OF INDIA 31636 GOI 23MY36 7.54 FV RS 100,
91D230126,TB,IN002025X307,100.0,99.00,99.00,99.00,99.00,99.16,-0.16,100,-,2026-01-23,23JN26,GOVERNMENT OF INDIA 36643 091 DAYS TBILL 23JN26 FV RS 100,
585GS2030,GS,IN0020200294,100.0,-,-,-,98.31,98.47,-0.16,0,-,2030-12-01,01DC30,GOVERNMENT OF INDIA 29753 GOI 01DC30 5.85 FV RS 100,
726GS2033,GS,IN0020220151,100.0,105.40,105.40,105.40,105.40,105.6,-0.19,1601,0.02,2033-02-06,06FB33,GOVERNMENT OF INDIA 32584 GOI 06FB33 7.26 FV RS 100,
718GS2037,GS,IN0020230077,100.0,105.45,105.45,105.31,105.31,105.55,-0.23,5628,0.06,2037-07-24,24JL37,GOVERNMENT OF INDIA 33234 GOI 24JL37 7.18 FV RS 100,
91D290126,TB,IN002025X315,100.0,98.80,98.80,98.80,98.80,99.07,-0.27,100,-,2026-01-29,29JN26,GOVERNMENT OF INDIA 36663 91 DAYS TBILL 29JN26 FV RS 100,
577GS2030,GS,IN0020200153,100.0,99.50,99.50,99.50,99.50,99.99,-0.49,100,-,2030-08-03,03AG30,GOVERNMENT OF INDIA 29208 GOI 03AG30 5.77 FV RS 100,
699GS2026,GS,IN0020230028,100.0,100.95,100.95,100.95,100.95,101.47,-0.51,2,-,2026-04-17,17AP26,GOVERNMENT OF INDIA 32845 GOI 17AP26 6.99 FV RS 100,
746GS2073,GS,IN0020230127,100.0,101.62,101.62,100.51,100.90,101.44,-0.53,50851,0.51,2073-11-06,06NV73,GOVERNMENT OF INDIA 33590 GOI 06NV73 7.46 FV RS 100,
74GS2062,GS,IN0020220094,100.0,102.00,102.00,101.30,101.30,101.9,-0.59,220,-,2062-09-19,19SP62,GOVERNMENT OF INDIA 31987 GOI 19SP62 7.4 FV RS 100,
732GS2030,GS,IN0020230135,100.0,104.10,104.10,104.10,104.10,104.85,-0.72,1000,0.01,2030-11-13,13NV30,GOVERNMENT OF INDIA 33618 GOI 13NV30 7.32 FV RS 100,
563GS2026,GS,IN0020210012,100.0,100.36,100.36,100.36,100.36,101.25,-0.88,1,-,2026-04-12,12AP26,GOVERNMENT OF INDIA 30243 GOI 12AP26 5.63 FV RS 100,
633GS2035,GS,IN0020250026,100.0,98.15,98.90,98.00,98.00,99.0,-1.01,1910,0.02,2035-05-05,05MY35,GOVERNMENT OF INDIA 35943 GOI 05MY35 6.33 FV RS 100,
601GS2030,GS,IN0020250067,100.0,101.80,101.80,100.55,100.55,101.8,-1.23,1781,0.02,2030-07-21,21JL30,GOVERNMENT OF INDIA 36232 GOI 21JL30 6.01 FV RS 100,
628GS2032,GS,IN0020250059,100.0,101.40,101.40,101.40,101.40,102.75,-1.31,1,-,2032-07-14,14JL32,GOVERNMENT OF INDIA 36204 GOI 14JL32 6.28 FV RS 100,
702GS2027,GS,IN0020240043,100.0,101.00,102.20,100.80,100.80,102.49,-1.65,3919,0.04,2027-05-27,27MY27,GOVERNMENT OF INDIA 34509 GOI 27MY27 7.02 FV RS 100,
764RJ49,SG,IN2920230348,100.0,97.78,97.78,97.78,97.78,100.0,-2.22,100,-,2049-11-29,29NV49,STATE DEVELOPMENT LOAN 33682 RAJ 29NV49 7.64 FV RS 100,
574GS2026,GS,IN0020210186,100.0,99.35,99.35,99.35,99.35,101.65,-2.26,883,0.01,2026-11-15,15NV26,GOVERNMENT OF INDIA 30950 GOI 15NV26 5.74 FV RS 100,
713MH37,SG,IN2220240286,100.0,96.21,96.21,94.29,94.30,98.17,-3.94,500,-,2037-09-19,19SP37,STATE DEVELOPMENT LOAN 34978 MH 19SP37 7.13 FV RS 100,
757TN33,SG,IN3120220261,100.0,96.55,96.55,96.55,96.55,101.59,-4.96,100,-,2033-01-11,11JN33,STATE DEVELOPMENT LOAN 32494 TN 11JN33 7.57 FV RS 100,
